{
  "integrations": [
    {
      "id": "734c843a-5f79-4191-990a-d11465485054",
      "name": "Pipeline Started",
      "action": "CREATE_EVENT",
      "type": "INBOUND_WEBHOOK",
      "deployed": true,
      "form": "313df253-47b9-4c0d-804a-6549b6a8d0ff",
      "script": "/******************************************************************************\n * Inbound integrations - create an xMatters event\n *\n * Inbound integrations enable you to configure and initiate an xMatters event\n * from any system that can send a webhook.\n *\n * The following event properties can be configured from this script:\n * - recipients\n * - form properties\n * - event priority\n * - conference bridge settings\n * - responses (choose a subset of existing responses)\n *\n * Each inbound integration is authenticated independently, which enables you\n * to initiate an event without storing the login credentials of your xMatters\n * account.\n *\n * To run an inbound integration script, send a POST request to the\n * inbound integration URL and include data in the request body that the script\n * can use to populate the form. The script can access the request data from\n * the script's built-in request object.\n *\n * The following sample code shows how to read the request's payload and use it\n * to populate a form and initiate an event. You can use it as a template and\n * modify it to work with your integration.\n ******************************************************************************/\n\n/**\n * Parse incoming data\n *\n * Typically, data is passed into an inbound integration as XML or JSON in the request\n * body, but you can represent the data in another format or include it as a query\n * parameter.\n *\n * The script's built-in request object enables you to access the elements of the\n * request, including the payload contained in the request body and any URL\n * parameters. The following code snippets show how to retrieve these values.\n * Choose the option that matches how your system includes data in the request to\n * the inbound integration URL.\n */\nvar payload = JSON.parse(request.body);  //Use this if the payload is a JSON object in the request body\n//var payload = JXON.parse(request.body);  //Use this if the payload is XML in the request body\n//var payload = request.parameters;        //Use this if the payload is in a query parameter\n\n/**\n * Customize the event\n *\n * The trigger object is a built-in object that you can use to populate an xMatters form\n * when you initiate an event.\n *\n * The following code snippets show how to populate the trigger object with recipients,\n * form properties, the event priority, response choices, and conference bridge settings.\n *\n * To trigger the event, make a call to form.post(trigger) with the populated trigger\n * object. If you call form.post(trigger) without populating the trigger object, the event\n * is initiated with the form's default settings.\n */\n\n/** Configure recipients **/\n//var recipients = [];\n//recipients.push({'id': 'mmcbride', 'recipientType' : 'PERSON'});  //Syntax to add a user\n//recipients.push({'id': 'Oracle Administrators', 'recipientType' : 'GROUP'}); //Syntax to add a group\n//recipients.push({'id': 'First Aid Attendants', 'recipientType' : 'DYNAMIC_TEAM'}); //Syntax to add a dynamic team\n//recipients.push({'id': 'bsmith|Work Email', 'recipientType' : 'DEVICE'); //Syntax to add devices\n//recipients.push({'id': 'Corporate Executives', 'recipientType' : 'GROUP', 'responseCountThreshold' : 3); //Syntax to add a group or dynamic team with response counts.\ntrigger.recipients = payload.recipients;\n\n/** Customize form properties **/\n//trigger.properties.myTextProperty = 'Oracle Database is down';\n//trigger.properties.myComboBoxProperty = 'AJAX';\n//trigger.properties.myNumberProperty = 468;\n//trigger.properties.myBooleanProperty = true;\n//trigger.properties.myListProperty = ['Stored Procedures', 'Web Services'];\n//var hierarchyProperty = [];\n//hierarchyProperty.push({\"category\" : \"Country\", \"value\" : \"USA\"});\n//hierarchyProperty.push({\"category\" : \"State\", \"value\" : \"California\"});\n//hierarchyProperty.push({\"category\" : \"City\", \"value\" : \"Los Angeles\"});\n//trigger.properties.myHierarchyProperty = hierarchyProperty;\ntrigger.properties = payload.properties\n\n/** Set the event priority and handling section options**/\n//trigger.priority = 'HIGH';  //Valid values include: 'HIGH', 'MEDIUM', 'LOW'\n//trigger.expirationInMinutes = 120;\n//trigger.bypassPhoneIntro = false;\n//trigger.escalationOverride = false;\n//trigger.overrideDeviceRestrictions = true;\n//trigger.requirePhonePassword = true;\n//var voicemailOptions = {};\n//voicemailOptions.every = 5;\n//voicemailOptions.leave = \"callbackonly\";\n//voicemailOptions.retry = 3;\n//trigger.voicemailOptions = voicemailOptions;\n\n/**\n * Set conference bridge settings\n * The form must be configured to use a conference bridge for these settings to take effect.\n */\n//Syntax for joining new xMatters-hosted bridge\n//var conference = {};\n//conference.type = \"BRIDGE\";\n//trigger.conference = conference;\n\n//Syntax for joining in-progress xMatters-hosted bridge\n//var conference = {};\n//conference.bridgeId = \"3882920\";\n//conference.type = \"BRIDGE\";\n//trigger.conference = conference;\n\n//Syntax for connecting to an external conference with a static bridge number\n//var conference = {};\n//conference.bridgeId = \"Webex\";\n//conference.type = \"EXTERNAL\";\n//trigger.conference = conference;\n\n//Syntax for connecting to an external conference with a dynamic bridge number\n//var conference = {};\n//conference.bridgeId = \"Webex\";\n//conference.bridgeNumber = \"33922229\"\n//conference.type = \"EXTERNAL\";\n//trigger.conference = conference;\n\n/**\n * Select the response choices to display in notifications\n * Response choices are identified by their unique identifier, which is available in the user interface.\n * You can display existing response options, modify existing response options, or create\n * new response options.\n */\n\n//Syntax to select an existing response option\n//var responseOptions = [];\n//responseOptions.push({\"id\" : \"fee39ecf-75a7-45eb-9e63-ffc441499c4f\"});\n//trigger.responseOptions = responseOptions;\n\n//Syntax to select an existing response option and modify part of it\n//var responseOptions = [];\n//responseOptions.push({\"id\" : \"085d4bea-9dfb-4d2b-8136-22e19b1baaf6\",\n//  \"joinConference\" : false,\n//  \"redirectUrl\" : \"https://jira.example.com/view/INCD-2933\"});\n//trigger.responseOptions = responseOptions;\n\n//Syntax to create a new response option\n//var responseOptions = [];\n//responseOptions.push({\"number\": 3,\n//  \"text\": \"Reject\",\n//  \"description\": \"I cannot help\",\n//  \"prompt\": \"Reject\",\n//  \"action\": \"COUNT_RESPONSE\",\n//  \"contribution\": \"NEGATIVE\",\n//  \"redirectUrl\": \"https://www.example.com\",\n//  \"joinConference\": false,\n//  \"allowComments\": true});\n//trigger.responseOptions = responseOptions;\n\n\n/**\n * Select whether to target all devices or only certain devices.\n **/\n//Syntax to target all devices\n//trigger.targetAllDevices = true;\n\n//Syntax to target specific device categories.\n//var targetDeviceNames = [];\n//targetDeviceNames.push({\"name\" : \"Work Email\"});\n//targetDeviceNames.push({\"name\" : \"Work Phone\"});\n//trigger.targetDeviceNames = targetDeviceNames;\n\n/**\n * Configure response count thresholds for forms that are configured\n * to count responses.\n */\n//trigger.otherResponseCountThreshold = 4;\n//recipients.push({'id': 'Oracle Administrators', 'recipientType' : 'GROUP', 'responseCountThreshold' : 2});\n\n\n/**\n * Trigger the event\n * Use form.post(trigger) to initiate the event.\n */\nform.post(trigger);\n\n/******************************************************************************\n * This example shows how to trigger an inbound integration that populates a\n * form with sample values passed into the request, and then initiates an event.\n *\n * To run this example, add the listed properties to your form, uncomment the\n * code, and then run the provided cURL command in a command prompt. (Replace\n * 'username' with your user name, replace the sample users with users in your\n * system, and replace the provided URL with the inbound integration URL for\n * this integration.)\n *\n * Form properties:\n * - System (Text)\n * - Customers Affected (Number)\n * - Location (Hierarchy - including the selection USA, California, Los Angeles)\n * - Production System (Boolean)\n * - Subsystems (List - including values 'mr3b' and 'mr3c')\n *\n * CURL command:\n * curl -H \"Content-Type: application/json\" -- user username -X POST -d\n * '{\n * \t \"users\" :\n *    [\n *      {\"userId\" : \"mmcbride\"},\n *      {\"userId\" : \"poravets\"},\n *      {\"userId\" : \"dwashington\"}\n *    ],\n *   \"priority\" : \"MODERATE\",\n *   \"system\" : \"Oracle Database\",\n *   \"customersAffected\" :468,\n *   \"country\" : \"USA\",\n *   \"state\" : \"California\",\n *   \"city\" : \"Los Angeles\",\n *   \"isProductionSystem\" : true,\n *   \"subsystem1\" : \"mr3b\",\n *   \"subsystem2\" : \"mr3c\"\n * }' \"https://acmeco.xmatters.com/api/integrations/1/functions/2de...fe6/triggers\"\n *\n ******************************************************************************/\n\n/** Parse the JSON object in the request body and extract the payload data **/\n//var payload = JSON.parse(request.body);\n\n/** Extract users from the payload and build a list of recipients. **/\n//var recipients = [];\n//for (var i in payload.users)\n//{\n//    var userId = payload.users[i].userId;\n//    recipients.push({'id': userId});\n//}\n\n/** Set the form recipients **/\n//trigger.recipients = recipients;\n\n/** Set the form properties with information extracted from the payload **/\n//trigger.properties.System = payload.system;\n//trigger.properties['Customers Affected'] = payload.customersAffected;\n//trigger.properties.Location = [payload.country, payload.state, payload.city];\n//trigger.properties['Production System'] = payload.isProductionSystem;\n//trigger.properties.Subsystems = [payload.subsystem1, payload.subsystem2];\n\n/** Set the form priority **/\n//switch (payload.priority){\n//  case 'SEVERE':\n//    trigger.priority = 'HIGH';\n//    break;\n//  case 'MODERATE':\n//    trigger.priority = 'MEDIUM';\n//    break;\n//  case 'MINOR':\n//    trigger.priority = 'LOW';\n//    break;\n//}\n\n/** Configure response counts for forms that count responses **/\n\n\n/** Initiate the event*/\n//form.post(trigger);\n\n/******************************************************************************\n * General script usage\n *\n * This section shows some general information about working with\n * Integration Builder scripts. If you need these behaviors, place\n * them in your script in an appropriate location to support your logic.\n ******************************************************************************/\n\n/**\n * Shared Libraries\n * Shared libraries allow you to store commonly-used code snippets in a single\n * location and share them among Integration Builder scripts. To access a shared\n * library, use the require() function to load the library into a variable and then\n * call the functions stored within it. This example shows how to access the function\n * named 'myFunction' from the shared library named 'mySharedLibrary'.\n */\n//var mySharedLibrary = require('My Shared Library');\n//var message = mySharedLibrary.myFunction();\n\n/**\n * Constants\n * Constants allow you to define a value using the xMatters user interface and\n * then use it in multiple scripts. This example shows how to access user-defined\n * constants named 'APIKey' and 'Application Host'.\n */\n//var department = constants.APIKey;\n//var address = constants['Application Host'];\n\n/**\n * Logging\n * To write messages to the Activity Stream, use console.log().\n */\n//console.log('Finished running an Integration Builder script.');",
      "environment": "HOSTED",
      "authType": "URL"
    },
    {
      "id": "2d30b337-b634-4def-a0bc-f9ba578fe78a",
      "name": "Spinnaker Response",
      "action": "RUN_SCRIPT",
      "type": "OUTBOUND_WEBHOOK",
      "triggeredBy": "RESPONSE",
      "deployed": true,
      "form": "313df253-47b9-4c0d-804a-6549b6a8d0ff",
      "script": "payload = JSON.parse(request.body);\n\n/**\n * Form properties are included in the payload when they are marked as\n * 'Include in Outbound Integrations' on the form layout.\n *\n * This code shows how to transform the eventProperties object so that\n * you can access form properties using dot notation, and then shows\n * how to access the values of form properties named TicketId and Description.\n */\nif (payload.eventProperties && Array.isArray(payload.eventProperties)) {\n    var eventProperties = payload.eventProperties;\n    payload.eventProperties = {};\n\n    for (var i = 0; i < eventProperties.length; i++) {\n        var eventProperty = eventProperties[i];\n        var key = Object.keys(eventProperty)[0];\n        payload.eventProperties[key] = eventProperty[key];\n    }\n}\nproperties = payload.eventProperties;\n\nbody = {};\nif (payload.response == 'Deploy to Dev') { //This string should match the response option in xMatters\nbody.judgmentStatus = 'continue'; //Must be `continue` to continue the pipeline, or `stop` to stop it\nbody.judgmentInput = 'deploy to dev'; //This string should match (in lower case) the name of a Manual Judgment input in Spinnaker\n}\nelse if (payload.response == 'Deploy to Test') { //This string should match the response option in xMatters\nbody.judgmentStatus = 'continue'; //Must be `continue` to continue the pipeline, or `stop` to stop it\nbody.judgmentInput = 'deploy to test'; //This string should match (in lower case) the name of a Manual Judgment input in Spinnaker\n}\nelse if (payload.response == 'Stop') { //This string should match the response option in xMatters; Note - you don't need to have a `Stop` option\nbody.judgmentStatus = 'stop'; //Must be `continue` to continue the pipeline, or `stop` to stop it\nbody.judgmentInput = 'stop'; //This doesn't need to be an input in the Manual Judgment to successfully stop the pipeline\n}\n\nconsole.log(\"Body: \" + JSON.stringify(body));\nvar req = http.request({\n  'endpoint' : 'Spinnaker',\n  'method' : 'PATCH',\n  'path' : '/pipelines/' + properties.pipeline_id + '/stages/' + properties.judgment_id,\n});\n\nvar resp = req.write(body);\n\nif (resp.statusCode == 200) {\n    console.log(\"Successfully updated stage :)\");\n} else {\n    console.log(\"Failed updating stage :(\");\n}\n/**\n * Prepare the payload of the request according to the requirements of the\n * external system.\n *\n * This example assumes that the external system requires the request to\n * contain a JSON object in the request body that describes the action to log.\n *\n * You can modify this script to match the requirements of the external system you\n * want to update.\n */\n//var requestBody = {};\n//requestBody.subject = 'Update from xMatters at ' + payload.date;\n//requestBody.event = payload.eventIdentifier;\n//requestBody.user = payload.recipient;\n//requestBody.response = payload.response;\n//requestBody.comment = payload.comment;\n\n/** Make the request to the external system and verify that it is successful. **/\n//var response = auditLogRequest.write(json);\n//if (response.statusCode != 200 ) {\n//    console.log('\\nThere was an error updating the external system.\\n');\n//    return;\n//}\n\n/** Write the response from the external system to the activity stream. **/\n//console.log(JSON.stringify(response));\n\n/******************************************************************************\n * General script usage\n *\n * This section shows some general information about working with\n * Integration Builder scripts. If you need these behaviors, place\n * them in your script in an appropriate location to support your logic.\n ******************************************************************************/\n\n/**\n * Shared Libraries\n * Shared libraries allow you to store commonly-used code snippets in a single\n * location and share them among Integration Builder scripts. To access a shared\n * library, use the require() function to load the library into a variable and then\n * call the functions stored within it. This example shows how to access the function\n * named 'myFunction' from the shared library named 'mySharedLibrary'.\n */\n//var mySharedLibrary = require('My Shared Library');\n//var message = mySharedLibrary.myFunction();\n\n/**\n * Constants\n * Constants allow you to define a value using the xMatters user interface and\n * then use it in multiple scripts. This example shows how to access user-defined\n * constants named 'APIKey' and 'Application Host'.\n */\n//var department = constants.APIKey;\n//var address = constants['Application Host'];\n\n/**\n * Logging\n * To write messages to the Activity Stream, use console.log().\n */\n//console.log('Finished running an Integration Builder script.');",
      "environment": "HOSTED",
      "authType": "NONE"
    }
  ],
  "endpoints": [
    {
      "name": "Spinnaker",
      "baseUrl": "http://localhost:8084",
      "type": "EXTERNAL",
      "authentication": "NO_AUTH"
    }
  ],
  "constants": []
}